Qty,Value,Footprint,Symbol,References
1,4.7n/250V,Capacitor_SMD:C_0402_1005Metric,C,C1
2,22p,Capacitor_SMD:C_0402_1005Metric,C,C10 C14
4,22u,Capacitor_SMD:C_0805_2012Metric,C,C11 C12 C15 C16
36,100n,Capacitor_SMD:C_0402_1005Metric,C,C2 C3 C6 C17 C18 C19 C20 C21 C22 C24 C25 C26 C30 C31 C32 C33 C35 C36 C37 C39 C40 C41 C42 C43 C44 C45 C47 C48 C49 C50 C51 C53 C55 C58 C59 C60
2,3.3u,Capacitor_SMD:C_0603_1608Metric,C,C23 C27
2,20p,Capacitor_SMD:C_0402_1005Metric,C,C28 C29
2,100n,Capacitor_SMD:C_0201_0603Metric,C,C4 C5
3,1u,Capacitor_SMD:C_0603_1608Metric,C,C52 C54 C56
1,10p,Capacitor_SMD:C_0402_1005Metric,C,C57
7,10u,Capacitor_SMD:C_0805_2012Metric,C,C7 C8 C9 C13 C34 C38 C46
2,green,LED_SMD:LED_0603_1608Metric,LED,D1 D3
1,blue,LED_SMD:LED_0603_1608Metric,LED,D2
1,red,LED_SMD:LED_0603_1608Metric,LED,D4
2,PESD3V3S1BB,Diode_SMD:D_SOD-523,D_TVS,D5 D6
1,1.5A PTC,Fuse:Fuse_1206_3216Metric,Fuse,F1
1,600R@100MHz,Inductor_SMD:L_0603_1608Metric,FerriteBead_Small,FB1
1,USB_C_Receptacle_USB3,Connector_USB:USB_C_Receptacle_Amphenol_12401610E4-2A,USB_C_Receptacle,J1
1,MIPI20,Connector_PinHeader_1.27mm:PinHeader_2x10_P1.27mm_Vertical_SMD,Conn_02x10_Odd_Even,J2
1,SMA1,Connector_Coaxial:SMA_Amphenol_132289_EdgeMount,Conn_Coaxial,J3
1,SMA2,Connector_Coaxial:SMA_Amphenol_132289_EdgeMount,Conn_Coaxial,J4
1,UART,Connector_PinHeader_2.54mm:PinHeader_1x04_P2.54mm_Vertical,Conn_01x04,J5
1,EXP,Connector_PinHeader_1.27mm:PinHeader_2x05_P1.27mm_Vertical_SMD,Conn_02x05_Odd_Even,J6
1,FPGA_JTAG,Connector_PinHeader_1.27mm:PinHeader_2x05_P1.27mm_Vertical_SMD,Conn_02x05_Odd_Even,J7
1,P11/13: GND | TgtPwr,Jumper:SolderJumper-3_P1.3mm_Bridged12_RoundedPad1.0x1.5mm,SolderJumper_3_Bridged12,JP1
2,50R term,Jumper:SolderJumper-2_P1.3mm_Open_RoundedPad1.0x1.5mm,SolderJumper_2_Open,JP2 JP3
2,2.2u,Inductor_SMD:L_1210_3225Metric,L,L1 L2
1,2N7002,Package_TO_SOT_SMD:SOT-23,2N7002,Q1
1,1M,Resistor_SMD:R_0402_1005Metric,R,R1
5,1k,Resistor_SMD:R_0402_1005Metric,R,R11 R12 R20 R31 R32
16,33,Resistor_SMD:R_0402_1005Metric,R,R14 R15 R16 R17 R33 R34 R35 R36 R37 R38 R39 R40 R41 R42 R64 R67
5,4.7k,Resistor_SMD:R_0402_1005Metric,R,R18 R19 R26 R27 R29
2,5.1k,Resistor_SMD:R_0402_1005Metric,R,R2 R3
1,10k 1%,Resistor_SMD:R_0402_1005Metric,R,R21
1,22,Resistor_SMD:R_0402_1005Metric,R,R30
1,200k,Resistor_SMD:R_0402_1005Metric,R,R4
1,10,Resistor_SMD:R_0402_1005Metric,R,R49
17,10k,Resistor_SMD:R_0402_1005Metric,R,R5 R13 R22 R23 R24 R25 R28 R43 R44 R45 R46 R47 R53 R55 R56 R65 R68
1,0.1 1%,Resistor_SMD:R_0805_2012Metric,R,R54
2,150k,Resistor_SMD:R_0402_1005Metric,R,R6 R10
2,49.9,Resistor_SMD:R_0402_1005Metric,R,R63 R66
1,33.2k,Resistor_SMD:R_0402_1005Metric,R,R7
12,100k,Resistor_SMD:R_0402_1005Metric,R,R8 R9 R48 R50 R51 R52 R57 R58 R59 R60 R61 R62
1,BOOT,Button_Switch_SMD:SW_SPST_PTS810,SW_Push,SW1
1,RECONFIG,Button_Switch_SMD:SW_SPST_PTS810,SW_Push,SW2
1,GW2AR-LV18QN88C8/I7,probe:QFN-88-1EP_10x10mm_P0.4mm_EP6.74x6.74mm,GW2AR-18_QN88,U1
1,W25Q128JVSIQ,Package_SO:SOIC-8_5.23x5.23mm_P1.27mm,W25Q128JVS,U10
3,TPD4E02B04DQA,Package_SON:USON-10_2.5x1.0mm_P0.5mm,TPD4E02B04DQA,U11 U12 U13
1,SN74AVC8T245PW,Package_SO:TSSOP-24_4.4x7.8mm_P0.65mm,SN74AVC8T245PW,U14
1,SN74AVC4T245PW,Package_SO:TSSOP-16_4.4x5mm_P0.65mm,SN74AVC4T245PW,U15
1,AP2161W,Package_TO_SOT_SMD:SOT-23-5,AP2161W,U16
1,INA219AxD,Package_SO:SOIC-8_3.9x4.9mm_P1.27mm,INA219AxD,U17
1,ADS1115IDGS,Package_SO:VSSOP-10_3x3mm_P0.5mm,ADS1115IDGS,U18
2,SN74LVC1T45DBV,Package_TO_SOT_SMD:SOT-23-6,SN74LVC1T45DBV,U19 U20
1,CH569W,Package_DFN_QFN:QFN-68-1EP_8x8mm_P0.4mm_EP5.2x5.2mm,CH569W,U2
1,USBLC6-2SC6,Package_TO_SOT_SMD:SOT-23-6,USBLC6-2SC6,U3
2,TPD4EUSB30,Package_SON:USON-10_2.5x1.0mm_P0.5mm,TPD4EUSB30,U4 U5
1,CBTL02043A,Package_DFN_QFN:WQFN-20-1EP_2.5x4.5mm_P0.5mm_EP1x2.9mm,CBTL02043A,U6
1,TLV7031DBV,Package_TO_SOT_SMD:SOT-23-5,TLV7031DBV,U7
2,TLV62569DDC,Package_TO_SOT_SMD:SOT-23-6,TLV62569DDC,U8 U9
1,50MHz,Oscillator:Oscillator_SMD_Abracon_ASE-4Pin_3.2x2.5mm,ASE-xxxMHz,X1
1,30MHz,Crystal:Crystal_SMD_3225-4Pin_3.2x2.5mm,Crystal_GND24,Y1
