Chip,Pin,Pin name,Net
GW2AR-18 QN88,1,VCC,+1V0
GW2AR-18 QN88,2,VSS,GND
GW2AR-18 QN88,3,VCCX/VCCIO2/6/7,+3V3
GW2AR-18 QN88,4,IOL7A/LPLL1_T_in,CLK_50M
GW2AR-18 QN88,5,IOR25B/TMS,FPGA_TMS
GW2AR-18 QN88,6,IOR26A/TCK,FPGA_TCK
GW2AR-18 QN88,7,IOR26B/TDI,FPGA_TDI
GW2AR-18 QN88,8,IOR25A/TDO,FPGA_TDO
GW2AR-18 QN88,9,IOR31B/RECONFIG_N,FPGA_RECONFIG_N
GW2AR-18 QN88,10,IOL29A/GCLKT_6,F_TRCCLK
GW2AR-18 QN88,11,IOL29B/GCLKC_6,F_TDO
GW2AR-18 QN88,12,VCCX/VCCIO2/6/7,+3V3
GW2AR-18 QN88,13,IOL45A/LPLL2_T_in,SMA1_F
GW2AR-18 QN88,14,VCCPLLL1,+1V0_PLL
GW2AR-18 QN88,15,IOL47A/LPLL2_T_fb,F_NRST_SENSE
GW2AR-18 QN88,16,IOL47B/LPLL2_C_fb,TRACE_OE_N
GW2AR-18 QN88,17,IOL49A,F_TRC_D0
GW2AR-18 QN88,18,IOL49B,F_TRC_D1
GW2AR-18 QN88,19,IOL51A,F_TRC_D2
GW2AR-18 QN88,20,IOL51B,F_TRC_D3
GW2AR-18 QN88,21,VSS,GND
GW2AR-18 QN88,22,VCC,+1V0
GW2AR-18 QN88,23,VCCIO5,+3V3
GW2AR-18 QN88,24,VSS,GND
GW2AR-18 QN88,25,IOB6A,HSPI_D0
GW2AR-18 QN88,26,IOB6B,HSPI_D1
GW2AR-18 QN88,27,IOB8A,HSPI_D2
GW2AR-18 QN88,28,IOB8B,HSPI_D3
GW2AR-18 QN88,29,IOB14A,HSPI_D4
GW2AR-18 QN88,30,IOB14B,HSPI_D5
GW2AR-18 QN88,31,IOB18A,HSPI_D6
GW2AR-18 QN88,32,IOB18B,HSPI_D7
GW2AR-18 QN88,33,IOB24A,HSPI_D8
GW2AR-18 QN88,34,IOB24B,HSPI_D9
GW2AR-18 QN88,35,IOB30A/GCLKT_4,FPGA_IO35
GW2AR-18 QN88,36,IOB30B/GCLKC_4,FPGA_IO36
GW2AR-18 QN88,37,IOB34A,HSPI_D10
GW2AR-18 QN88,38,IOB34B,HSPI_D11
GW2AR-18 QN88,39,IOB40A,HSPI_D12
GW2AR-18 QN88,40,IOB40B,HSPI_D13
GW2AR-18 QN88,41,IOB43A,HSPI_D14
GW2AR-18 QN88,42,IOB42B,HSPI_D15
GW2AR-18 QN88,43,VSS,GND
GW2AR-18 QN88,44,VCCIO4,+3V3
GW2AR-18 QN88,45,VCC,+1V0
GW2AR-18 QN88,46,VSS,GND
GW2AR-18 QN88,47,EXTR,EXTR
GW2AR-18 QN88,48,IOR49B,SMA1_DIR
GW2AR-18 QN88,49,IOR49A,SMA2_DIR
GW2AR-18 QN88,50,VCCPLLR1,+1V0_PLL
GW2AR-18 QN88,51,IOR45A/RPLL2_T_in,FPGA_IO51
GW2AR-18 QN88,52,IOR39A/SCLK,NC
GW2AR-18 QN88,53,IOR38B/DOUT/WE_N,NC
GW2AR-18 QN88,54,IOR38A/DIN/CLKHOLD_N,NC
GW2AR-18 QN88,55,IOR36B/SSPI_CS_N/D0,NC
GW2AR-18 QN88,56,IOR36A/SO/D1,NC
GW2AR-18 QN88,57,IOR35A/FASTRD_N/D3,FASTRD_N
GW2AR-18 QN88,58,VCCIO3,+3V3
GW2AR-18 QN88,59,IOR34B/MCLK/D4,FL_CLK
GW2AR-18 QN88,60,IOR34A/MCS_N/D5,FL_CS
GW2AR-18 QN88,61,IOR33B/MO/D6,FL_DI
GW2AR-18 QN88,62,IOR33A/MI/D7,FL_DO
GW2AR-18 QN88,63,IOR29A/GCLKT_3,SMA2_F
GW2AR-18 QN88,64,VCCX/VCCIO2/6/7,+3V3
GW2AR-18 QN88,65,VSS,GND
GW2AR-18 QN88,66,VCC,+1V0
GW2AR-18 QN88,67,VCCIO1,+3V3
GW2AR-18 QN88,68,VSS,GND
GW2AR-18 QN88,69,IOT50A,HSPI_HRCLK
GW2AR-18 QN88,70,IOT44B,HSPI_HRVLD
GW2AR-18 QN88,71,IOT44A,HSPI_HRACK
GW2AR-18 QN88,72,IOT40B,HSPI_HTVLD
GW2AR-18 QN88,73,IOT40A,HSPI_HTREQ
GW2AR-18 QN88,74,IOT34B,HSPI_HTACK
GW2AR-18 QN88,75,IOT34A,HSPI_HTRDY
GW2AR-18 QN88,76,IOT30B/GCLKC_1,FPGA_IO76
GW2AR-18 QN88,77,IOT30A/GCLKT_1,HSPI_HTCLK
GW2AR-18 QN88,78,VCCIO0,+3V3
GW2AR-18 QN88,79,IOT27B/GCLKC_0,LED_R
GW2AR-18 QN88,80,IOT27A/GCLKT_0,LED_G
GW2AR-18 QN88,81,IOT17B,DBG_OE_N
GW2AR-18 QN88,82,IOT17A,NRST_DRV
GW2AR-18 QN88,83,IOT6B,F_TDI
GW2AR-18 QN88,84,IOT6A,F_SWCLK
GW2AR-18 QN88,85,IOT4B,F_SWDIO_DIR
GW2AR-18 QN88,86,IOT4A,F_SWDIO
GW2AR-18 QN88,87,IOR30B/MODE1,MODE1
GW2AR-18 QN88,88,IOR30A/MODE0,MODE0
GW2AR-18 QN88,89,EPAD,GND
CH569W,1,UD+,USB_DP
CH569W,2,UD-,USB_DM
CH569W,3,V33USB,+3V3
CH569W,4,SSTX+,SSTX_P
CH569W,5,SSTX-,SSTX_N
CH569W,6,V12USB,+1V2_CH
CH569W,7,SSRX+,SSRX_P
CH569W,8,SSRX-,SSRX_N
CH569W,9,V12CORE,+1V2_CH
CH569W,10,PA19/HRCLK,HSPI_HRCLK
CH569W,11,PA18/HRACK,HSPI_HRACK
CH569W,12,PA8/TXD1,UART_TX
CH569W,13,PA7/RXD1,UART_RX
CH569W,14,PA6/HRVLD,HSPI_HRVLD
CH569W,15,PA5/HD0,HSPI_D0
CH569W,16,VDDIO,+3V3
CH569W,17,PA4/HD1,HSPI_D1
CH569W,18,PA23/HTRDY,HSPI_HTRDY
CH569W,19,PA3/HD3,HSPI_D3
CH569W,20,PA2/HD4,HSPI_D4
CH569W,21,PA1/HD5,HSPI_D5
CH569W,22,PA0/HD6,HSPI_D6
CH569W,23,PB21/HD7,HSPI_D7
CH569W,24,PB20/HD8,HSPI_D8
CH569W,25,PB19/HD9,HSPI_D9
CH569W,26,PB18/HD10,HSPI_D10
CH569W,27,PB17/HD11,HSPI_D11
CH569W,28,PA17/HD12,HSPI_D12
CH569W,29,PB16/HD13,HSPI_D13
CH569W,30,PB15/RST#/HD14,HSPI_D14
CH569W,31,PB14/HD15,HSPI_D15
CH569W,32,PB0,TPWR_EN_N
CH569W,33,PB1,TPWR_FLT_N
CH569W,34,PB2,LED_CH
CH569W,35,PA20,NC
CH569W,36,PB3,USB_FLIP
CH569W,37,PB4,ADC_ALERT
CH569W,38,PB5,NC
CH569W,39,PB6,NC
CH569W,40,PA16,NC
CH569W,41,PB7,NC
CH569W,42,VDDIO,+3V3
CH569W,43,PB8,NC
CH569W,44,PB9,NC
CH569W,45,PB22,I2C_SCL
CH569W,46,PB10,CH_PB10
CH569W,47,PB23,I2C_SDA
CH569W,48,PB11,CH_PB11
CH569W,49,PB24,FPGA_RECONFIG_N
CH569W,50,PB12,CH_PB12
CH569W,51,PB13,CH_PB13
CH569W,52,PA21/HTVLD,HSPI_HTVLD
CH569W,53,PA22/HD2,HSPI_D2
CH569W,54,PA9/HTREQ,HSPI_HTREQ
CH569W,55,PA10/HTACK,HSPI_HTACK
CH569W,56,PA11/HTCLK,HSPI_HTCLK
CH569W,57,PA12/SCS,CH_SPI_CS
CH569W,58,PA13/SCK,CH_SPI_CLK
CH569W,59,PA14/MOSI,CH_SPI_MOSI
CH569W,60,PA15/MISO,CH_SPI_MISO
CH569W,61,VDDIO,+3V3
CH569W,62,V33LDO,+3V3
CH569W,63,V12CORE,+1V2_CH
CH569W,64,V33GX,+3V3
CH569W,65,GXM,NC
CH569W,66,GXP,NC
CH569W,67,XO,XTAL_O
CH569W,68,XI,XTAL_I
CH569W,69,GND(EP),GND
